lat,lon,time,analysed_sst
34.875,344.875,1239796800,290.91
34.875,345.125,1239796800,290.8
34.875,345.375,1239796800,290.71
34.875,345.625,1239796800,290.65
34.875,345.875,1239796800,290.66
34.875,346.125,1239796800,290.68
34.875,346.375,1239796800,290.78998
34.875,346.625,1239796800,290.9
34.875,346.875,1239796800,290.9
34.875,347.125,1239796800,290.93
34.875,347.375,1239796800,291.0
34.875,347.625,1239796800,291.11
34.875,347.875,1239796800,291.15
34.875,348.125,1239796800,291.13998
34.875,348.375,1239796800,291.16998
34.875,348.625,1239796800,291.19
34.875,348.875,1239796800,291.16998
34.875,349.125,1239796800,291.11
34.875,349.375,1239796800,291.06
34.875,349.625,1239796800,291.09
34.875,349.875,1239796800,291.15
34.875,350.125,1239796800,291.21
34.875,350.375,1239796800,291.22
34.875,350.625,1239796800,291.19
34.875,350.875,1239796800,291.19998
34.875,351.125,1239796800,291.25
34.875,351.375,1239796800,291.22998
34.875,351.625,1239796800,291.22
34.875,351.875,1239796800,291.28998
34.875,352.125,1239796800,291.37
34.875,352.375,1239796800,291.41
34.875,352.625,1239796800,291.35
34.875,352.875,1239796800,291.31
34.875,353.125,1239796800,291.24
34.875,353.375,1239796800,290.94998
34.875,353.625,1239796800,291.06
34.875,353.875,1239796800,
34.875,354.125,1239796800,
34.875,354.375,1239796800,
34.875,354.625,1239796800,
34.875,354.875,1239796800,
34.875,355.125,1239796800,
34.875,355.375,1239796800,
34.875,355.625,1239796800,
34.875,355.875,1239796800,
34.875,356.125,1239796800,
34.875,356.375,1239796800,
34.875,356.625,1239796800,
34.875,356.875,1239796800,
34.875,357.125,1239796800,
34.875,357.375,1239796800,
34.875,357.625,1239796800,
34.875,357.875,1239796800,
34.875,358.125,1239796800,
34.875,358.375,1239796800,
34.875,358.625,1239796800,
34.875,358.875,1239796800,
34.875,359.125,1239796800,
34.875,359.375,1239796800,
34.875,359.625,1239796800,
34.875,359.875,1239796800,
35.125,344.875,1239796800,290.63998
35.125,345.125,1239796800,290.58
35.125,345.375,1239796800,290.55
35.125,345.625,1239796800,290.52
35.125,345.875,1239796800,290.56
35.125,346.125,1239796800,290.62
35.125,346.375,1239796800,290.63998
35.125,346.625,1239796800,290.63
35.125,346.875,1239796800,290.61
35.125,347.125,1239796800,290.6
35.125,347.375,1239796800,290.62
35.125,347.625,1239796800,290.72
35.125,347.875,1239796800,290.81
35.125,348.125,1239796800,290.87
35.125,348.375,1239796800,290.93
35.125,348.625,1239796800,290.97
35.125,348.875,1239796800,290.97
35.125,349.125,1239796800,290.96
35.125,349.375,1239796800,290.96
35.125,349.625,1239796800,291.02
35.125,349.875,1239796800,291.08
35.125,350.125,1239796800,291.12
35.125,350.375,1239796800,291.11
35.125,350.625,1239796800,291.09
35.125,350.875,1239796800,291.16
35.125,351.125,1239796800,291.22998
35.125,351.375,1239796800,291.25
35.125,351.625,1239796800,291.25
35.125,351.875,1239796800,291.3
35.125,352.125,1239796800,291.37
35.125,352.375,1239796800,291.28998
35.125,352.625,1239796800,291.19998
35.125,352.875,1239796800,291.11
35.125,353.125,1239796800,291.08
35.125,353.375,1239796800,290.94998
35.125,353.625,1239796800,290.78
35.125,353.875,1239796800,291.08
35.125,354.125,1239796800,
35.125,354.375,1239796800,
35.125,354.625,1239796800,
35.125,354.875,1239796800,
35.125,355.125,1239796800,289.63
35.125,355.375,1239796800,289.68
35.125,355.625,1239796800,289.65
35.125,355.875,1239796800,289.53998
35.125,356.125,1239796800,289.71
35.125,356.375,1239796800,289.56
35.125,356.625,1239796800,289.63998
35.125,356.875,1239796800,289.57
35.125,357.125,1239796800,290.18
35.125,357.375,1239796800,289.87
35.125,357.625,1239796800,289.97998
35.125,357.875,1239796800,289.9
35.125,358.125,1239796800,289.97
35.125,358.375,1239796800,289.91998
35.125,358.625,1239796800,
35.125,358.875,1239796800,
35.125,359.125,1239796800,
35.125,359.375,1239796800,
35.125,359.625,1239796800,
35.125,359.875,1239796800,
35.375,344.875,1239796800,290.47998
35.375,345.125,1239796800,290.47
35.375,345.375,1239796800,290.47
35.375,345.625,1239796800,290.47998
35.375,345.875,1239796800,290.5
35.375,346.125,1239796800,290.49
35.375,346.375,1239796800,290.41
35.375,346.625,1239796800,290.4
35.375,346.875,1239796800,290.38
35.375,347.125,1239796800,290.35
35.375,347.375,1239796800,290.38998
35.375,347.625,1239796800,290.44
35.375,347.875,1239796800,290.47998
35.375,348.125,1239796800,290.53
35.375,348.375,1239796800,290.6
35.375,348.625,1239796800,290.66
35.375,348.875,1239796800,290.69998
35.375,349.125,1239796800,290.72998
35.375,349.375,1239796800,290.83
35.375,349.625,1239796800,290.97
35.375,349.875,1239796800,291.00998
35.375,350.125,1239796800,290.99
35.375,350.375,1239796800,290.96
35.375,350.625,1239796800,290.97
35.375,350.875,1239796800,291.11
35.375,351.125,1239796800,291.18
35.375,351.375,1239796800,291.19998
35.375,351.625,1239796800,291.22998
35.375,351.875,1239796800,291.27
35.375,352.125,1239796800,291.32
35.375,352.375,1239796800,291.22998
35.375,352.625,1239796800,291.18
35.375,352.875,1239796800,291.03
35.375,353.125,1239796800,290.94
35.375,353.375,1239796800,290.88998
35.375,353.625,1239796800,290.58
35.375,353.875,1239796800,290.88
35.375,354.125,1239796800,
35.375,354.375,1239796800,
35.375,354.625,1239796800,
35.375,354.875,1239796800,289.78
35.375,355.125,1239796800,289.78998
35.375,355.375,1239796800,289.88
35.375,355.625,1239796800,289.78998
35.375,355.875,1239796800,289.69998
35.375,356.125,1239796800,289.71
35.375,356.375,1239796800,289.69998
35.375,356.625,1239796800,289.75
35.375,356.875,1239796800,289.69998
35.375,357.125,1239796800,289.68
35.375,357.375,1239796800,289.66998
35.375,357.625,1239796800,289.71
35.375,357.875,1239796800,289.72
35.375,358.125,1239796800,289.75998
35.375,358.375,1239796800,289.81
35.375,358.625,1239796800,289.88998
35.375,358.875,1239796800,289.8
35.375,359.125,1239796800,
35.375,359.375,1239796800,
35.375,359.625,1239796800,
35.375,359.875,1239796800,
35.625,344.875,1239796800,290.33
35.625,345.125,1239796800,290.35
35.625,345.375,1239796800,290.36
35.625,345.625,1239796800,290.38998
35.625,345.875,1239796800,290.41998
35.625,346.125,1239796800,290.37
35.625,346.375,1239796800,290.35
35.625,346.625,1239796800,290.38998
35.625,346.875,1239796800,290.33
35.625,347.125,1239796800,290.24
35.625,347.375,1239796800,290.27
35.625,347.625,1239796800,290.34
35.625,347.875,1239796800,290.38
35.625,348.125,1239796800,290.38998
35.625,348.375,1239796800,290.38
35.625,348.625,1239796800,290.44
35.625,348.875,1239796800,290.59
35.625,349.125,1239796800,290.69
35.625,349.375,1239796800,290.82
35.625,349.625,1239796800,290.88
35.625,349.875,1239796800,290.84
35.625,350.125,1239796800,290.81
35.625,350.375,1239796800,290.78998
35.625,350.625,1239796800,290.86
35.625,350.875,1239796800,290.99
35.625,351.125,1239796800,291.05
35.625,351.375,1239796800,291.05
35.625,351.625,1239796800,291.0
35.625,351.875,1239796800,291.03998
35.625,352.125,1239796800,291.12
35.625,352.375,1239796800,291.1
35.625,352.625,1239796800,291.07
35.625,352.875,1239796800,291.03998
35.625,353.125,1239796800,290.9
35.625,353.375,1239796800,290.77
35.625,353.625,1239796800,290.56
35.625,353.875,1239796800,290.57
35.625,354.125,1239796800,290.61
35.625,354.375,1239796800,
35.625,354.625,1239796800,289.77
35.625,354.875,1239796800,289.85
35.625,355.125,1239796800,289.83
35.625,355.375,1239796800,289.82
35.625,355.625,1239796800,289.75
35.625,355.875,1239796800,289.75
35.625,356.125,1239796800,289.69
35.625,356.375,1239796800,289.6
35.625,356.625,1239796800,289.61
35.625,356.875,1239796800,289.59
35.625,357.125,1239796800,289.55
35.625,357.375,1239796800,289.56
35.625,357.625,1239796800,289.59
35.625,357.875,1239796800,289.62
35.625,358.125,1239796800,289.69998
35.625,358.375,1239796800,289.75998
35.625,358.625,1239796800,289.78
35.625,358.875,1239796800,289.74
35.625,359.125,1239796800,289.75
35.625,359.375,1239796800,289.94998
35.625,359.625,1239796800,
35.625,359.875,1239796800,
35.875,344.875,1239796800,290.24
35.875,345.125,1239796800,290.22
35.875,345.375,1239796800,290.18
35.875,345.625,1239796800,290.13998
35.875,345.875,1239796800,290.16998
35.875,346.125,1239796800,290.21
35.875,346.375,1239796800,290.24
35.875,346.625,1239796800,290.22998
35.875,346.875,1239796800,290.19
35.875,347.125,1239796800,290.15
35.875,347.375,1239796800,290.19998
35.875,347.625,1239796800,290.27
35.875,347.875,1239796800,290.38998
35.875,348.125,1239796800,290.4
35.875,348.375,1239796800,290.35
35.875,348.625,1239796800,290.38998
35.875,348.875,1239796800,290.53998
35.875,349.125,1239796800,290.68
35.875,349.375,1239796800,290.82
35.875,349.625,1239796800,290.78998
35.875,349.875,1239796800,290.71
35.875,350.125,1239796800,290.69998
35.875,350.375,1239796800,290.71
35.875,350.625,1239796800,290.8
35.875,350.875,1239796800,290.9
35.875,351.125,1239796800,290.93
35.875,351.375,1239796800,290.86
35.875,351.625,1239796800,290.82
35.875,351.875,1239796800,290.85
35.875,352.125,1239796800,290.82
35.875,352.375,1239796800,290.77
35.875,352.625,1239796800,290.82
35.875,352.875,1239796800,290.9
35.875,353.125,1239796800,290.68
35.875,353.375,1239796800,290.5
35.875,353.625,1239796800,290.38998
35.875,353.875,1239796800,290.27
35.875,354.125,1239796800,290.11
35.875,354.375,1239796800,289.96
35.875,354.625,1239796800,289.85
35.875,354.875,1239796800,289.78998
35.875,355.125,1239796800,289.77
35.875,355.375,1239796800,289.75998
35.875,355.625,1239796800,289.72998
35.875,355.875,1239796800,289.72
35.875,356.125,1239796800,289.65
35.875,356.375,1239796800,289.57
35.875,356.625,1239796800,289.53
35.875,356.875,1239796800,289.5
35.875,357.125,1239796800,289.5
35.875,357.375,1239796800,289.50998
35.875,357.625,1239796800,289.59
35.875,357.875,1239796800,289.66
35.875,358.125,1239796800,289.72998
35.875,358.375,1239796800,289.75
35.875,358.625,1239796800,289.75998
35.875,358.875,1239796800,289.72998
35.875,359.125,1239796800,289.69
35.875,359.375,1239796800,289.82
35.875,359.625,1239796800,289.93
35.875,359.875,1239796800,290.08
36.125,344.875,1239796800,290.19998
36.125,345.125,1239796800,290.16
36.125,345.375,1239796800,290.13
36.125,345.625,1239796800,290.07
36.125,345.875,1239796800,290.0
36.125,346.125,1239796800,290.00998
36.125,346.375,1239796800,290.05
36.125,346.625,1239796800,290.03998
36.125,346.875,1239796800,290.03
36.125,347.125,1239796800,290.09
36.125,347.375,1239796800,290.16998
36.125,347.625,1239796800,290.25
36.125,347.875,1239796800,290.41
36.125,348.125,1239796800,290.5
36.125,348.375,1239796800,290.47998
36.125,348.625,1239796800,290.5
36.125,348.875,1239796800,290.59
36.125,349.125,1239796800,290.72
36.125,349.375,1239796800,290.8
36.125,349.625,1239796800,290.69
36.125,349.875,1239796800,290.63
36.125,350.125,1239796800,290.63998
36.125,350.375,1239796800,290.65
36.125,350.625,1239796800,290.72
36.125,350.875,1239796800,290.84
36.125,351.125,1239796800,290.88998
36.125,351.375,1239796800,290.78998
36.125,351.625,1239796800,290.78998
36.125,351.875,1239796800,290.81
36.125,352.125,1239796800,290.74
36.125,352.375,1239796800,290.71
36.125,352.625,1239796800,290.74
36.125,352.875,1239796800,290.69
36.125,353.125,1239796800,290.49
36.125,353.375,1239796800,290.32
36.125,353.625,1239796800,289.96
36.125,353.875,1239796800,289.91998
36.125,354.125,1239796800,289.88
36.125,354.375,1239796800,289.78998
36.125,354.625,1239796800,289.56
36.125,354.875,1239796800,289.58
36.125,355.125,1239796800,289.63998
36.125,355.375,1239796800,289.69
36.125,355.625,1239796800,289.69
36.125,355.875,1239796800,289.66998
36.125,356.125,1239796800,289.61
36.125,356.375,1239796800,289.53
36.125,356.625,1239796800,289.47
36.125,356.875,1239796800,289.46
36.125,357.125,1239796800,289.44998
36.125,357.375,1239796800,289.44998
36.125,357.625,1239796800,289.52
36.125,357.875,1239796800,289.66998
36.125,358.125,1239796800,289.77
36.125,358.375,1239796800,289.78
36.125,358.625,1239796800,289.78
36.125,358.875,1239796800,289.81
36.125,359.125,1239796800,289.84
36.125,359.375,1239796800,289.85
36.125,359.625,1239796800,289.81
36.125,359.875,1239796800,289.85
36.375,344.875,1239796800,290.16998
36.375,345.125,1239796800,290.13998
36.375,345.375,1239796800,290.11
36.375,345.625,1239796800,290.03998
36.375,345.875,1239796800,289.94998
36.375,346.125,1239796800,289.96
36.375,346.375,1239796800,289.99
36.375,346.625,1239796800,289.97998
36.375,346.875,1239796800,290.0
36.375,347.125,1239796800,290.09
36.375,347.375,1239796800,290.13998
36.375,347.625,1239796800,290.24
36.375,347.875,1239796800,290.38
36.375,348.125,1239796800,290.44
36.375,348.375,1239796800,290.47
36.375,348.625,1239796800,290.59
36.375,348.875,1239796800,290.66
36.375,349.125,1239796800,290.72
36.375,349.375,1239796800,290.72998
36.375,349.625,1239796800,290.66998
36.375,349.875,1239796800,290.59
36.375,350.125,1239796800,290.58
36.375,350.375,1239796800,290.52
36.375,350.625,1239796800,290.44998
36.375,350.875,1239796800,290.59
36.375,351.125,1239796800,290.72
36.375,351.375,1239796800,290.74
36.375,351.625,1239796800,290.77
36.375,351.875,1239796800,290.8
36.375,352.125,1239796800,290.66
36.375,352.375,1239796800,290.62
36.375,352.625,1239796800,290.62
36.375,352.875,1239796800,290.53
36.375,353.125,1239796800,290.41
36.375,353.375,1239796800,290.18
36.375,353.625,1239796800,290.03
36.375,353.875,1239796800,290.22
36.375,354.125,1239796800,
36.375,354.375,1239796800,
36.375,354.625,1239796800,289.34
36.375,354.875,1239796800,289.38
36.375,355.125,1239796800,289.41
36.375,355.375,1239796800,289.47
36.375,355.625,1239796800,289.6
36.375,355.875,1239796800,289.59
36.375,356.125,1239796800,289.53
36.375,356.375,1239796800,289.50998
36.375,356.625,1239796800,289.55
36.375,356.875,1239796800,289.56
36.375,357.125,1239796800,289.47998
36.375,357.375,1239796800,289.43
36.375,357.625,1239796800,289.44998
36.375,357.875,1239796800,289.61
36.375,358.125,1239796800,289.71
36.375,358.375,1239796800,289.81
36.375,358.625,1239796800,289.82
36.375,358.875,1239796800,289.85
36.375,359.125,1239796800,289.87
36.375,359.375,1239796800,289.85
36.375,359.625,1239796800,289.78998
36.375,359.875,1239796800,289.84
36.625,344.875,1239796800,290.13998
36.625,345.125,1239796800,290.08
36.625,345.375,1239796800,290.07
36.625,345.625,1239796800,290.00998
36.625,345.875,1239796800,289.94
36.625,346.125,1239796800,289.91998
36.625,346.375,1239796800,289.94998
36.625,346.625,1239796800,289.97
36.625,346.875,1239796800,290.02
36.625,347.125,1239796800,290.07
36.625,347.375,1239796800,290.13
36.625,347.625,1239796800,290.19
36.625,347.875,1239796800,290.24
36.625,348.125,1239796800,290.19
36.625,348.375,1239796800,290.11
36.625,348.625,1239796800,290.18
36.625,348.875,1239796800,290.28
36.625,349.125,1239796800,290.47
36.625,349.375,1239796800,290.63998
36.625,349.625,1239796800,290.63998
36.625,349.875,1239796800,290.53998
36.625,350.125,1239796800,290.50998
36.625,350.375,1239796800,290.4
36.625,350.625,1239796800,290.22998
36.625,350.875,1239796800,290.22998
36.625,351.125,1239796800,290.25
36.625,351.375,1239796800,290.25998
36.625,351.625,1239796800,290.22998
36.625,351.875,1239796800,290.27
36.625,352.125,1239796800,290.4
36.625,352.375,1239796800,290.50998
36.625,352.625,1239796800,290.5
36.625,352.875,1239796800,290.43
36.625,353.125,1239796800,290.16
36.625,353.375,1239796800,290.13
36.625,353.625,1239796800,290.41998
36.625,353.875,1239796800,290.68
36.625,354.125,1239796800,
36.625,354.375,1239796800,
36.625,354.625,1239796800,
36.625,354.875,1239796800,
36.625,355.125,1239796800,
36.625,355.375,1239796800,289.3
36.625,355.625,1239796800,289.41
36.625,355.875,1239796800,289.4
36.625,356.125,1239796800,289.44998
36.625,356.375,1239796800,289.53998
36.625,356.625,1239796800,289.52
36.625,356.875,1239796800,289.47998
36.625,357.125,1239796800,289.38998
36.625,357.375,1239796800,289.36
36.625,357.625,1239796800,289.44998
36.625,357.875,1239796800,289.53998
36.625,358.125,1239796800,289.69998
36.625,358.375,1239796800,289.82
36.625,358.625,1239796800,289.86
36.625,358.875,1239796800,289.88
36.625,359.125,1239796800,289.88
36.625,359.375,1239796800,289.85
36.625,359.625,1239796800,289.82
36.625,359.875,1239796800,289.81
36.875,344.875,1239796800,290.12
36.875,345.125,1239796800,290.07
36.875,345.375,1239796800,290.06
36.875,345.625,1239796800,289.97
36.875,345.875,1239796800,289.9
36.875,346.125,1239796800,289.88
36.875,346.375,1239796800,289.87
36.875,346.625,1239796800,289.91
36.875,346.875,1239796800,289.91
36.875,347.125,1239796800,289.87
36.875,347.375,1239796800,289.87
36.875,347.625,1239796800,289.91998
36.875,347.875,1239796800,290.00998
36.875,348.125,1239796800,289.97
36.875,348.375,1239796800,289.85
36.875,348.625,1239796800,289.8
36.875,348.875,1239796800,289.75998
36.875,349.125,1239796800,289.83
36.875,349.375,1239796800,290.06
36.875,349.625,1239796800,290.31
36.875,349.875,1239796800,290.43
36.875,350.125,1239796800,290.37
36.875,350.375,1239796800,290.13
36.875,350.625,1239796800,289.93
36.875,350.875,1239796800,289.62
36.875,351.125,1239796800,289.33
36.875,351.375,1239796800,289.52
36.875,351.625,1239796800,289.69998
36.875,351.875,1239796800,289.75998
36.875,352.125,1239796800,289.88
36.875,352.375,1239796800,290.03
36.875,352.625,1239796800,290.15
36.875,352.875,1239796800,290.05
36.875,353.125,1239796800,290.08
36.875,353.375,1239796800,290.38998
36.875,353.625,1239796800,290.72
36.875,353.875,1239796800,
36.875,354.125,1239796800,
36.875,354.375,1239796800,
36.875,354.625,1239796800,
36.875,354.875,1239796800,
36.875,355.125,1239796800,
36.875,355.375,1239796800,
36.875,355.625,1239796800,
36.875,355.875,1239796800,
36.875,356.125,1239796800,
36.875,356.375,1239796800,
36.875,356.625,1239796800,
36.875,356.875,1239796800,
36.875,357.125,1239796800,
36.875,357.375,1239796800,289.38998
36.875,357.625,1239796800,289.46
36.875,357.875,1239796800,289.53998
36.875,358.125,1239796800,289.71
36.875,358.375,1239796800,289.81
36.875,358.625,1239796800,289.81
36.875,358.875,1239796800,289.85
36.875,359.125,1239796800,289.87
36.875,359.375,1239796800,289.84
36.875,359.625,1239796800,289.84
36.875,359.875,1239796800,289.81
37.125,344.875,1239796800,290.05
37.125,345.125,1239796800,290.02
37.125,345.375,1239796800,289.97
37.125,345.625,1239796800,289.88998
37.125,345.875,1239796800,289.8
37.125,346.125,1239796800,289.75
37.125,346.375,1239796800,289.78
37.125,346.625,1239796800,289.81
37.125,346.875,1239796800,289.8
37.125,347.125,1239796800,289.77
37.125,347.375,1239796800,289.72998
37.125,347.625,1239796800,289.69
37.125,347.875,1239796800,289.72
37.125,348.125,1239796800,289.78998
37.125,348.375,1239796800,289.78
37.125,348.625,1239796800,289.75
37.125,348.875,1239796800,289.78998
37.125,349.125,1239796800,289.85
37.125,349.375,1239796800,289.93
37.125,349.625,1239796800,290.07
37.125,349.875,1239796800,290.16
37.125,350.125,1239796800,290.06
37.125,350.375,1239796800,289.83
37.125,350.625,1239796800,289.63998
37.125,350.875,1239796800,289.25
37.125,351.125,1239796800,288.94998
37.125,351.375,1239796800,289.32
37.125,351.625,1239796800,289.50998
37.125,351.875,1239796800,289.58
37.125,352.125,1239796800,289.49
37.125,352.375,1239796800,289.56
37.125,352.625,1239796800,289.71
37.125,352.875,1239796800,289.87
37.125,353.125,1239796800,290.27
37.125,353.375,1239796800,290.5
37.125,353.625,1239796800,
37.125,353.875,1239796800,
37.125,354.125,1239796800,
37.125,354.375,1239796800,
37.125,354.625,1239796800,
37.125,354.875,1239796800,
37.125,355.125,1239796800,
37.125,355.375,1239796800,
37.125,355.625,1239796800,
37.125,355.875,1239796800,
37.125,356.125,1239796800,
37.125,356.375,1239796800,
37.125,356.625,1239796800,
37.125,356.875,1239796800,
37.125,357.125,1239796800,
37.125,357.375,1239796800,
37.125,357.625,1239796800,
37.125,357.875,1239796800,
37.125,358.125,1239796800,289.72998
37.125,358.375,1239796800,289.81
37.125,358.625,1239796800,289.84
37.125,358.875,1239796800,289.82
37.125,359.125,1239796800,289.82
37.125,359.375,1239796800,289.84
37.125,359.625,1239796800,289.84
37.125,359.875,1239796800,289.8
37.375,344.875,1239796800,289.9
37.375,345.125,1239796800,289.8
37.375,345.375,1239796800,289.74
37.375,345.625,1239796800,289.65
37.375,345.875,1239796800,289.59
37.375,346.125,1239796800,289.59
37.375,346.375,1239796800,289.66998
37.375,346.625,1239796800,289.74
37.375,346.875,1239796800,289.78
37.375,347.125,1239796800,289.71
37.375,347.375,1239796800,289.61
37.375,347.625,1239796800,289.56
37.375,347.875,1239796800,289.55
37.375,348.125,1239796800,289.57
37.375,348.375,1239796800,289.61
37.375,348.625,1239796800,289.65
37.375,348.875,1239796800,289.75
37.375,349.125,1239796800,289.9
37.375,349.375,1239796800,290.07
37.375,349.625,1239796800,290.05
37.375,349.875,1239796800,289.97
37.375,350.125,1239796800,289.86
37.375,350.375,1239796800,289.62
37.375,350.625,1239796800,289.33
37.375,350.875,1239796800,289.0
37.375,351.125,1239796800,288.86
37.375,351.375,1239796800,
37.375,351.625,1239796800,
37.375,351.875,1239796800,
37.375,352.125,1239796800,
37.375,352.375,1239796800,
37.375,352.625,1239796800,
37.375,352.875,1239796800,
37.375,353.125,1239796800,
37.375,353.375,1239796800,
37.375,353.625,1239796800,
37.375,353.875,1239796800,
37.375,354.125,1239796800,
37.375,354.375,1239796800,
37.375,354.625,1239796800,
37.375,354.875,1239796800,
37.375,355.125,1239796800,
37.375,355.375,1239796800,
37.375,355.625,1239796800,
37.375,355.875,1239796800,
37.375,356.125,1239796800,
37.375,356.375,1239796800,
37.375,356.625,1239796800,
37.375,356.875,1239796800,
37.375,357.125,1239796800,
37.375,357.375,1239796800,
37.375,357.625,1239796800,
37.375,357.875,1239796800,
37.375,358.125,1239796800,
37.375,358.375,1239796800,289.88998
37.375,358.625,1239796800,289.88
37.375,358.875,1239796800,289.83
37.375,359.125,1239796800,289.75
37.375,359.375,1239796800,289.74
37.375,359.625,1239796800,289.78998
37.375,359.875,1239796800,289.75998
37.625,344.875,1239796800,289.78
37.625,345.125,1239796800,289.61
37.625,345.375,1239796800,289.47
37.625,345.625,1239796800,289.41998
37.625,345.875,1239796800,289.41998
37.625,346.125,1239796800,289.47998
37.625,346.375,1239796800,289.59
37.625,346.625,1239796800,289.61
37.625,346.875,1239796800,289.57
37.625,347.125,1239796800,289.47
37.625,347.375,1239796800,289.41
37.625,347.625,1239796800,289.4
37.625,347.875,1239796800,289.38
37.625,348.125,1239796800,289.43
37.625,348.375,1239796800,289.52
37.625,348.625,1239796800,289.6
37.625,348.875,1239796800,289.69
37.625,349.125,1239796800,289.84
37.625,349.375,1239796800,289.88998
37.625,349.625,1239796800,289.74
37.625,349.875,1239796800,289.59
37.625,350.125,1239796800,289.53998
37.625,350.375,1239796800,289.44
37.625,350.625,1239796800,289.13
37.625,350.875,1239796800,288.85
37.625,351.125,1239796800,288.69998
37.625,351.375,1239796800,
37.625,351.625,1239796800,
37.625,351.875,1239796800,
37.625,352.125,1239796800,
37.625,352.375,1239796800,
37.625,352.625,1239796800,
37.625,352.875,1239796800,
37.625,353.125,1239796800,
37.625,353.375,1239796800,
37.625,353.625,1239796800,
37.625,353.875,1239796800,
37.625,354.125,1239796800,
37.625,354.375,1239796800,
37.625,354.625,1239796800,
37.625,354.875,1239796800,
37.625,355.125,1239796800,
37.625,355.375,1239796800,
37.625,355.625,1239796800,
37.625,355.875,1239796800,
37.625,356.125,1239796800,
37.625,356.375,1239796800,
37.625,356.625,1239796800,
37.625,356.875,1239796800,
37.625,357.125,1239796800,
37.625,357.375,1239796800,
37.625,357.625,1239796800,
37.625,357.875,1239796800,
37.625,358.125,1239796800,
37.625,358.375,1239796800,
37.625,358.625,1239796800,289.97998
37.625,358.875,1239796800,289.85
37.625,359.125,1239796800,289.88998
37.625,359.375,1239796800,289.72
37.625,359.625,1239796800,289.68
37.625,359.875,1239796800,289.69
37.875,344.875,1239796800,289.74
37.875,345.125,1239796800,289.53998
37.875,345.375,1239796800,289.38
37.875,345.625,1239796800,289.36
37.875,345.875,1239796800,289.37
37.875,346.125,1239796800,289.44
37.875,346.375,1239796800,289.5
37.875,346.625,1239796800,289.41
37.875,346.875,1239796800,289.35
37.875,347.125,1239796800,289.3
37.875,347.375,1239796800,289.25998
37.875,347.625,1239796800,289.25998
37.875,347.875,1239796800,289.24
37.875,348.125,1239796800,289.28998
37.875,348.375,1239796800,289.4
37.875,348.625,1239796800,289.58
37.875,348.875,1239796800,289.66998
37.875,349.125,1239796800,289.68
37.875,349.375,1239796800,289.5
37.875,349.625,1239796800,289.4
37.875,349.875,1239796800,289.41
37.875,350.125,1239796800,289.38998
37.875,350.375,1239796800,289.25
37.875,350.625,1239796800,289.08
37.875,350.875,1239796800,288.78
37.875,351.125,1239796800,288.56
37.875,351.375,1239796800,
37.875,351.625,1239796800,
37.875,351.875,1239796800,
37.875,352.125,1239796800,
37.875,352.375,1239796800,
37.875,352.625,1239796800,
37.875,352.875,1239796800,
37.875,353.125,1239796800,
37.875,353.375,1239796800,
37.875,353.625,1239796800,
37.875,353.875,1239796800,
37.875,354.125,1239796800,
37.875,354.375,1239796800,
37.875,354.625,1239796800,
37.875,354.875,1239796800,
37.875,355.125,1239796800,
37.875,355.375,1239796800,
37.875,355.625,1239796800,
37.875,355.875,1239796800,
37.875,356.125,1239796800,
37.875,356.375,1239796800,
37.875,356.625,1239796800,
37.875,356.875,1239796800,
37.875,357.125,1239796800,
37.875,357.375,1239796800,
37.875,357.625,1239796800,
37.875,357.875,1239796800,
37.875,358.125,1239796800,
37.875,358.375,1239796800,
37.875,358.625,1239796800,
37.875,358.875,1239796800,
37.875,359.125,1239796800,290.47998
37.875,359.375,1239796800,289.85
37.875,359.625,1239796800,289.69998
37.875,359.875,1239796800,289.72998
38.125,344.875,1239796800,289.68
38.125,345.125,1239796800,289.53998
38.125,345.375,1239796800,289.4
38.125,345.625,1239796800,289.33
38.125,345.875,1239796800,289.33
38.125,346.125,1239796800,289.38998
38.125,346.375,1239796800,289.4
38.125,346.625,1239796800,289.34
38.125,346.875,1239796800,289.31
38.125,347.125,1239796800,289.25
38.125,347.375,1239796800,289.21
38.125,347.625,1239796800,289.18
38.125,347.875,1239796800,289.13998
38.125,348.125,1239796800,289.19998
38.125,348.375,1239796800,289.37
38.125,348.625,1239796800,289.6
38.125,348.875,1239796800,289.68
38.125,349.125,1239796800,289.58
38.125,349.375,1239796800,289.37
38.125,349.625,1239796800,289.25
38.125,349.875,1239796800,289.24
38.125,350.125,1239796800,289.24
38.125,350.375,1239796800,289.16
38.125,350.625,1239796800,289.13998
38.125,350.875,1239796800,288.94
38.125,351.125,1239796800,288.69998
38.125,351.375,1239796800,
38.125,351.625,1239796800,
38.125,351.875,1239796800,
38.125,352.125,1239796800,
38.125,352.375,1239796800,
38.125,352.625,1239796800,
38.125,352.875,1239796800,
38.125,353.125,1239796800,
38.125,353.375,1239796800,
38.125,353.625,1239796800,
38.125,353.875,1239796800,
38.125,354.125,1239796800,
38.125,354.375,1239796800,
38.125,354.625,1239796800,
38.125,354.875,1239796800,
38.125,355.125,1239796800,
38.125,355.375,1239796800,
38.125,355.625,1239796800,
38.125,355.875,1239796800,
38.125,356.125,1239796800,
38.125,356.375,1239796800,
38.125,356.625,1239796800,
38.125,356.875,1239796800,
38.125,357.125,1239796800,
38.125,357.375,1239796800,
38.125,357.625,1239796800,
38.125,357.875,1239796800,
38.125,358.125,1239796800,
38.125,358.375,1239796800,
38.125,358.625,1239796800,
38.125,358.875,1239796800,
38.125,359.125,1239796800,
38.125,359.375,1239796800,289.97998
38.125,359.625,1239796800,289.84
38.125,359.875,1239796800,289.75
38.375,344.875,1239796800,289.58
38.375,345.125,1239796800,289.53
38.375,345.375,1239796800,289.44
38.375,345.625,1239796800,289.31
38.375,345.875,1239796800,289.25
38.375,346.125,1239796800,289.28998
38.375,346.375,1239796800,289.33
38.375,346.625,1239796800,289.32
38.375,346.875,1239796800,289.28
38.375,347.125,1239796800,289.24
38.375,347.375,1239796800,289.19998
38.375,347.625,1239796800,289.16998
38.375,347.875,1239796800,289.16
38.375,348.125,1239796800,289.13998
38.375,348.375,1239796800,289.19
38.375,348.625,1239796800,289.36
38.375,348.875,1239796800,289.6
38.375,349.125,1239796800,289.61
38.375,349.375,1239796800,289.38
38.375,349.625,1239796800,289.19998
38.375,349.875,1239796800,289.03
38.375,350.125,1239796800,289.0
38.375,350.375,1239796800,288.88
38.375,350.625,1239796800,288.74
38.375,350.875,1239796800,288.66
38.375,351.125,1239796800,288.96
38.375,351.375,1239796800,289.53
38.375,351.625,1239796800,
38.375,351.875,1239796800,
38.375,352.125,1239796800,
38.375,352.375,1239796800,
38.375,352.625,1239796800,
38.375,352.875,1239796800,
38.375,353.125,1239796800,
38.375,353.375,1239796800,
38.375,353.625,1239796800,
38.375,353.875,1239796800,
38.375,354.125,1239796800,
38.375,354.375,1239796800,
38.375,354.625,1239796800,
38.375,354.875,1239796800,
38.375,355.125,1239796800,
38.375,355.375,1239796800,
38.375,355.625,1239796800,
38.375,355.875,1239796800,
38.375,356.125,1239796800,
38.375,356.375,1239796800,
38.375,356.625,1239796800,
38.375,356.875,1239796800,
38.375,357.125,1239796800,
38.375,357.375,1239796800,
38.375,357.625,1239796800,
38.375,357.875,1239796800,
38.375,358.125,1239796800,
38.375,358.375,1239796800,
38.375,358.625,1239796800,
38.375,358.875,1239796800,
38.375,359.125,1239796800,
38.375,359.375,1239796800,290.02
38.375,359.625,1239796800,289.8
38.375,359.875,1239796800,289.66998
38.625,344.875,1239796800,289.47
38.625,345.125,1239796800,289.38998
38.625,345.375,1239796800,289.31
38.625,345.625,1239796800,289.18
38.625,345.875,1239796800,289.11
38.625,346.125,1239796800,289.09
38.625,346.375,1239796800,289.1
38.625,346.625,1239796800,289.13
38.625,346.875,1239796800,289.13998
38.625,347.125,1239796800,289.13998
38.625,347.375,1239796800,289.06
38.625,347.625,1239796800,289.0
38.625,347.875,1239796800,289.0
38.625,348.125,1239796800,288.94998
38.625,348.375,1239796800,288.93
38.625,348.625,1239796800,288.97998
38.625,348.875,1239796800,289.1
38.625,349.125,1239796800,289.28
38.625,349.375,1239796800,289.3
38.625,349.625,1239796800,289.21
38.625,349.875,1239796800,288.94
38.625,350.125,1239796800,288.69998
38.625,350.375,1239796800,288.55
38.625,350.625,1239796800,288.56
38.625,350.875,1239796800,289.07
38.625,351.125,1239796800,289.56
38.625,351.375,1239796800,
38.625,351.625,1239796800,
38.625,351.875,1239796800,
38.625,352.125,1239796800,
38.625,352.375,1239796800,
38.625,352.625,1239796800,
38.625,352.875,1239796800,
38.625,353.125,1239796800,
38.625,353.375,1239796800,
38.625,353.625,1239796800,
38.625,353.875,1239796800,
38.625,354.125,1239796800,
38.625,354.375,1239796800,
38.625,354.625,1239796800,
38.625,354.875,1239796800,
38.625,355.125,1239796800,
38.625,355.375,1239796800,
38.625,355.625,1239796800,
38.625,355.875,1239796800,
38.625,356.125,1239796800,
38.625,356.375,1239796800,
38.625,356.625,1239796800,
38.625,356.875,1239796800,
38.625,357.125,1239796800,
38.625,357.375,1239796800,
38.625,357.625,1239796800,
38.625,357.875,1239796800,
38.625,358.125,1239796800,
38.625,358.375,1239796800,
38.625,358.625,1239796800,
38.625,358.875,1239796800,
38.625,359.125,1239796800,
38.625,359.375,1239796800,
38.625,359.625,1239796800,
38.625,359.875,1239796800,289.53998
38.875,344.875,1239796800,289.19998
38.875,345.125,1239796800,289.19
38.875,345.375,1239796800,289.08
38.875,345.625,1239796800,288.96
38.875,345.875,1239796800,288.9
38.875,346.125,1239796800,288.9
38.875,346.375,1239796800,288.96
38.875,346.625,1239796800,288.99
38.875,346.875,1239796800,289.00998
38.875,347.125,1239796800,288.99
38.875,347.375,1239796800,288.9
38.875,347.625,1239796800,288.82
38.875,347.875,1239796800,288.8
38.875,348.125,1239796800,288.82
38.875,348.375,1239796800,288.84
38.875,348.625,1239796800,288.82
38.875,348.875,1239796800,288.86
38.875,349.125,1239796800,289.00998
38.875,349.375,1239796800,289.13998
38.875,349.625,1239796800,289.13998
38.875,349.875,1239796800,288.81
38.875,350.125,1239796800,288.41
38.875,350.375,1239796800,288.31
38.875,350.625,1239796800,288.16998
38.875,350.875,1239796800,289.58
38.875,351.125,1239796800,289.63998
38.875,351.375,1239796800,
38.875,351.625,1239796800,
38.875,351.875,1239796800,
38.875,352.125,1239796800,
38.875,352.375,1239796800,
38.875,352.625,1239796800,
38.875,352.875,1239796800,
38.875,353.125,1239796800,
38.875,353.375,1239796800,
38.875,353.625,1239796800,
38.875,353.875,1239796800,
38.875,354.125,1239796800,
38.875,354.375,1239796800,
38.875,354.625,1239796800,
38.875,354.875,1239796800,
38.875,355.125,1239796800,
38.875,355.375,1239796800,
38.875,355.625,1239796800,
38.875,355.875,1239796800,
38.875,356.125,1239796800,
38.875,356.375,1239796800,
38.875,356.625,1239796800,
38.875,356.875,1239796800,
38.875,357.125,1239796800,
38.875,357.375,1239796800,
38.875,357.625,1239796800,
38.875,357.875,1239796800,
38.875,358.125,1239796800,
38.875,358.375,1239796800,
38.875,358.625,1239796800,
38.875,358.875,1239796800,
38.875,359.125,1239796800,
38.875,359.375,1239796800,
38.875,359.625,1239796800,
38.875,359.875,1239796800,289.25
39.125,344.875,1239796800,288.85
39.125,345.125,1239796800,288.91998
39.125,345.375,1239796800,288.85
39.125,345.625,1239796800,288.83
39.125,345.875,1239796800,288.83
39.125,346.125,1239796800,288.87
39.125,346.375,1239796800,288.96
39.125,346.625,1239796800,288.97998
39.125,346.875,1239796800,288.96
39.125,347.125,1239796800,288.91998
39.125,347.375,1239796800,288.8
39.125,347.625,1239796800,288.66
39.125,347.875,1239796800,288.65
39.125,348.125,1239796800,288.72998
39.125,348.375,1239796800,288.83
39.125,348.625,1239796800,288.86
39.125,348.875,1239796800,288.88998
39.125,349.125,1239796800,288.93
39.125,349.375,1239796800,288.97
39.125,349.625,1239796800,288.91998
39.125,349.875,1239796800,288.68
39.125,350.125,1239796800,288.41998
39.125,350.375,1239796800,288.28998
39.125,350.625,1239796800,288.19
39.125,350.875,1239796800,
39.125,351.125,1239796800,
39.125,351.375,1239796800,
39.125,351.625,1239796800,
39.125,351.875,1239796800,
39.125,352.125,1239796800,
39.125,352.375,1239796800,
39.125,352.625,1239796800,
39.125,352.875,1239796800,
39.125,353.125,1239796800,
39.125,353.375,1239796800,
39.125,353.625,1239796800,
39.125,353.875,1239796800,
39.125,354.125,1239796800,
39.125,354.375,1239796800,
39.125,354.625,1239796800,
39.125,354.875,1239796800,
39.125,355.125,1239796800,
39.125,355.375,1239796800,
39.125,355.625,1239796800,
39.125,355.875,1239796800,
39.125,356.125,1239796800,
39.125,356.375,1239796800,
39.125,356.625,1239796800,
39.125,356.875,1239796800,
39.125,357.125,1239796800,
39.125,357.375,1239796800,
39.125,357.625,1239796800,
39.125,357.875,1239796800,
39.125,358.125,1239796800,
39.125,358.375,1239796800,
39.125,358.625,1239796800,
39.125,358.875,1239796800,
39.125,359.125,1239796800,
39.125,359.375,1239796800,
39.125,359.625,1239796800,
39.125,359.875,1239796800,289.44
39.375,344.875,1239796800,288.68
39.375,345.125,1239796800,288.75
39.375,345.375,1239796800,288.69998
39.375,345.625,1239796800,288.74
39.375,345.875,1239796800,288.8
39.375,346.125,1239796800,288.85
39.375,346.375,1239796800,288.91998
39.375,346.625,1239796800,288.94998
39.375,346.875,1239796800,288.91998
39.375,347.125,1239796800,288.83
39.375,347.375,1239796800,288.68
39.375,347.625,1239796800,288.55
39.375,347.875,1239796800,288.55
39.375,348.125,1239796800,288.62
39.375,348.375,1239796800,288.72998
39.375,348.625,1239796800,288.85
39.375,348.875,1239796800,288.91
39.375,349.125,1239796800,288.9
39.375,349.375,1239796800,288.83
39.375,349.625,1239796800,288.72998
39.375,349.875,1239796800,288.63
39.375,350.125,1239796800,288.49
39.375,350.375,1239796800,288.25998
39.375,350.625,1239796800,288.16
39.375,350.875,1239796800,288.09
39.375,351.125,1239796800,
39.375,351.375,1239796800,
39.375,351.625,1239796800,
39.375,351.875,1239796800,
39.375,352.125,1239796800,
39.375,352.375,1239796800,
39.375,352.625,1239796800,
39.375,352.875,1239796800,
39.375,353.125,1239796800,
39.375,353.375,1239796800,
39.375,353.625,1239796800,
39.375,353.875,1239796800,
39.375,354.125,1239796800,
39.375,354.375,1239796800,
39.375,354.625,1239796800,
39.375,354.875,1239796800,
39.375,355.125,1239796800,
39.375,355.375,1239796800,
39.375,355.625,1239796800,
39.375,355.875,1239796800,
39.375,356.125,1239796800,
39.375,356.375,1239796800,
39.375,356.625,1239796800,
39.375,356.875,1239796800,
39.375,357.125,1239796800,
39.375,357.375,1239796800,
39.375,357.625,1239796800,
39.375,357.875,1239796800,
39.375,358.125,1239796800,
39.375,358.375,1239796800,
39.375,358.625,1239796800,
39.375,358.875,1239796800,
39.375,359.125,1239796800,
39.375,359.375,1239796800,
39.375,359.625,1239796800,289.58
39.375,359.875,1239796800,289.38
39.625,344.875,1239796800,288.59
39.625,345.125,1239796800,288.6
39.625,345.375,1239796800,288.61
39.625,345.625,1239796800,288.62
39.625,345.875,1239796800,288.65
39.625,346.125,1239796800,288.71
39.625,346.375,1239796800,288.75998
39.625,346.625,1239796800,288.87
39.625,346.875,1239796800,288.88
39.625,347.125,1239796800,288.78
39.625,347.375,1239796800,288.66
39.625,347.625,1239796800,288.56
39.625,347.875,1239796800,288.56
39.625,348.125,1239796800,288.59
39.625,348.375,1239796800,288.59
39.625,348.625,1239796800,288.66998
39.625,348.875,1239796800,288.75998
39.625,349.125,1239796800,288.82
39.625,349.375,1239796800,288.8
39.625,349.625,1239796800,288.77
39.625,349.875,1239796800,288.77
39.625,350.125,1239796800,288.61
39.625,350.375,1239796800,288.41
39.625,350.625,1239796800,288.38
39.625,350.875,1239796800,288.18
39.625,351.125,1239796800,
39.625,351.375,1239796800,
39.625,351.625,1239796800,
39.625,351.875,1239796800,
39.625,352.125,1239796800,
39.625,352.375,1239796800,
39.625,352.625,1239796800,
39.625,352.875,1239796800,
39.625,353.125,1239796800,
39.625,353.375,1239796800,
39.625,353.625,1239796800,
39.625,353.875,1239796800,
39.625,354.125,1239796800,
39.625,354.375,1239796800,
39.625,354.625,1239796800,
39.625,354.875,1239796800,
39.625,355.125,1239796800,
39.625,355.375,1239796800,
39.625,355.625,1239796800,
39.625,355.875,1239796800,
39.625,356.125,1239796800,
39.625,356.375,1239796800,
39.625,356.625,1239796800,
39.625,356.875,1239796800,
39.625,357.125,1239796800,
39.625,357.375,1239796800,
39.625,357.625,1239796800,
39.625,357.875,1239796800,
39.625,358.125,1239796800,
39.625,358.375,1239796800,
39.625,358.625,1239796800,
39.625,358.875,1239796800,
39.625,359.125,1239796800,
39.625,359.375,1239796800,
39.625,359.625,1239796800,289.41998
39.625,359.875,1239796800,289.35
39.875,344.875,1239796800,288.5
39.875,345.125,1239796800,288.47998
39.875,345.375,1239796800,288.5
39.875,345.625,1239796800,288.49
39.875,345.875,1239796800,288.46
39.875,346.125,1239796800,288.46
39.875,346.375,1239796800,288.50998
39.875,346.625,1239796800,288.63
39.875,346.875,1239796800,288.66998
39.875,347.125,1239796800,288.66
39.875,347.375,1239796800,288.66
39.875,347.625,1239796800,288.62
39.875,347.875,1239796800,288.59
39.875,348.125,1239796800,288.56
39.875,348.375,1239796800,288.53
39.875,348.625,1239796800,288.58
39.875,348.875,1239796800,288.61
39.875,349.125,1239796800,288.65
39.875,349.375,1239796800,288.69
39.875,349.625,1239796800,288.66
39.875,349.875,1239796800,288.61
39.875,350.125,1239796800,288.52
39.875,350.375,1239796800,288.41998
39.875,350.625,1239796800,288.38998
39.875,350.875,1239796800,288.25998
39.875,351.125,1239796800,287.97998
39.875,351.375,1239796800,
39.875,351.625,1239796800,
39.875,351.875,1239796800,
39.875,352.125,1239796800,
39.875,352.375,1239796800,
39.875,352.625,1239796800,
39.875,352.875,1239796800,
39.875,353.125,1239796800,
39.875,353.375,1239796800,
39.875,353.625,1239796800,
39.875,353.875,1239796800,
39.875,354.125,1239796800,
39.875,354.375,1239796800,
39.875,354.625,1239796800,
39.875,354.875,1239796800,
39.875,355.125,1239796800,
39.875,355.375,1239796800,
39.875,355.625,1239796800,
39.875,355.875,1239796800,
39.875,356.125,1239796800,
39.875,356.375,1239796800,
39.875,356.625,1239796800,
39.875,356.875,1239796800,
39.875,357.125,1239796800,
39.875,357.375,1239796800,
39.875,357.625,1239796800,
39.875,357.875,1239796800,
39.875,358.125,1239796800,
39.875,358.375,1239796800,
39.875,358.625,1239796800,
39.875,358.875,1239796800,
39.875,359.125,1239796800,
39.875,359.375,1239796800,
39.875,359.625,1239796800,
39.875,359.875,1239796800,289.31
40.125,344.875,1239796800,288.43
40.125,345.125,1239796800,288.38
40.125,345.375,1239796800,288.4
40.125,345.625,1239796800,288.41
40.125,345.875,1239796800,288.38
40.125,346.125,1239796800,288.34
40.125,346.375,1239796800,288.34
40.125,346.625,1239796800,288.38
40.125,346.875,1239796800,288.4
40.125,347.125,1239796800,288.43
40.125,347.375,1239796800,288.47
40.125,347.625,1239796800,288.49
40.125,347.875,1239796800,288.52
40.125,348.125,1239796800,288.50998
40.125,348.375,1239796800,288.47998
40.125,348.625,1239796800,288.53998
40.125,348.875,1239796800,288.52
40.125,349.125,1239796800,288.47998
40.125,349.375,1239796800,288.50998
40.125,349.625,1239796800,288.49
40.125,349.875,1239796800,288.47998
40.125,350.125,1239796800,288.46
40.125,350.375,1239796800,288.36
40.125,350.625,1239796800,288.28998
40.125,350.875,1239796800,288.31
40.125,351.125,1239796800,288.02
40.125,351.375,1239796800,
40.125,351.625,1239796800,
40.125,351.875,1239796800,
40.125,352.125,1239796800,
40.125,352.375,1239796800,
40.125,352.625,1239796800,
40.125,352.875,1239796800,
40.125,353.125,1239796800,
40.125,353.375,1239796800,
40.125,353.625,1239796800,
40.125,353.875,1239796800,
40.125,354.125,1239796800,
40.125,354.375,1239796800,
40.125,354.625,1239796800,
40.125,354.875,1239796800,
40.125,355.125,1239796800,
40.125,355.375,1239796800,
40.125,355.625,1239796800,
40.125,355.875,1239796800,
40.125,356.125,1239796800,
40.125,356.375,1239796800,
40.125,356.625,1239796800,
40.125,356.875,1239796800,
40.125,357.125,1239796800,
40.125,357.375,1239796800,
40.125,357.625,1239796800,
40.125,357.875,1239796800,
40.125,358.125,1239796800,
40.125,358.375,1239796800,
40.125,358.625,1239796800,
40.125,358.875,1239796800,
40.125,359.125,1239796800,
40.125,359.375,1239796800,
40.125,359.625,1239796800,
40.125,359.875,1239796800,
40.375,344.875,1239796800,288.41998
40.375,345.125,1239796800,288.35
40.375,345.375,1239796800,288.36
40.375,345.625,1239796800,288.4
40.375,345.875,1239796800,288.37
40.375,346.125,1239796800,288.32
40.375,346.375,1239796800,288.28998
40.375,346.625,1239796800,288.25998
40.375,346.875,1239796800,288.21
40.375,347.125,1239796800,288.22
40.375,347.375,1239796800,288.25998
40.375,347.625,1239796800,288.33
40.375,347.875,1239796800,288.4
40.375,348.125,1239796800,288.4
40.375,348.375,1239796800,288.38998
40.375,348.625,1239796800,288.44
40.375,348.875,1239796800,288.38998
40.375,349.125,1239796800,288.35
40.375,349.375,1239796800,288.41
40.375,349.625,1239796800,288.43
40.375,349.875,1239796800,288.41
40.375,350.125,1239796800,288.38
40.375,350.375,1239796800,288.31
40.375,350.625,1239796800,288.21
40.375,350.875,1239796800,288.22998
40.375,351.125,1239796800,288.12
40.375,351.375,1239796800,
40.375,351.625,1239796800,
40.375,351.875,1239796800,
40.375,352.125,1239796800,
40.375,352.375,1239796800,
40.375,352.625,1239796800,
40.375,352.875,1239796800,
40.375,353.125,1239796800,
40.375,353.375,1239796800,
40.375,353.625,1239796800,
40.375,353.875,1239796800,
40.375,354.125,1239796800,
40.375,354.375,1239796800,
40.375,354.625,1239796800,
40.375,354.875,1239796800,
40.375,355.125,1239796800,
40.375,355.375,1239796800,
40.375,355.625,1239796800,
40.375,355.875,1239796800,
40.375,356.125,1239796800,
40.375,356.375,1239796800,
40.375,356.625,1239796800,
40.375,356.875,1239796800,
40.375,357.125,1239796800,
40.375,357.375,1239796800,
40.375,357.625,1239796800,
40.375,357.875,1239796800,
40.375,358.125,1239796800,
40.375,358.375,1239796800,
40.375,358.625,1239796800,
40.375,358.875,1239796800,
40.375,359.125,1239796800,
40.375,359.375,1239796800,
40.375,359.625,1239796800,
40.375,359.875,1239796800,
40.625,344.875,1239796800,288.38
40.625,345.125,1239796800,288.33
40.625,345.375,1239796800,288.34
40.625,345.625,1239796800,288.35
40.625,345.875,1239796800,288.33
40.625,346.125,1239796800,288.28
40.625,346.375,1239796800,288.18
40.625,346.625,1239796800,288.11
40.625,346.875,1239796800,288.09
40.625,347.125,1239796800,288.08
40.625,347.375,1239796800,288.12
40.625,347.625,1239796800,288.21
40.625,347.875,1239796800,288.25998
40.625,348.125,1239796800,288.25
40.625,348.375,1239796800,288.25998
40.625,348.625,1239796800,288.31
40.625,348.875,1239796800,288.28998
40.625,349.125,1239796800,288.32
40.625,349.375,1239796800,288.35
40.625,349.625,1239796800,288.34
40.625,349.875,1239796800,288.3
40.625,350.125,1239796800,288.3
40.625,350.375,1239796800,288.27
40.625,350.625,1239796800,288.19
40.625,350.875,1239796800,288.16998
40.625,351.125,1239796800,288.12
40.625,351.375,1239796800,287.94998
40.625,351.625,1239796800,
40.625,351.875,1239796800,
40.625,352.125,1239796800,
40.625,352.375,1239796800,
40.625,352.625,1239796800,
40.625,352.875,1239796800,
40.625,353.125,1239796800,
40.625,353.375,1239796800,
40.625,353.625,1239796800,
40.625,353.875,1239796800,
40.625,354.125,1239796800,
40.625,354.375,1239796800,
40.625,354.625,1239796800,
40.625,354.875,1239796800,
40.625,355.125,1239796800,
40.625,355.375,1239796800,
40.625,355.625,1239796800,
40.625,355.875,1239796800,
40.625,356.125,1239796800,
40.625,356.375,1239796800,
40.625,356.625,1239796800,
40.625,356.875,1239796800,
40.625,357.125,1239796800,
40.625,357.375,1239796800,
40.625,357.625,1239796800,
40.625,357.875,1239796800,
40.625,358.125,1239796800,
40.625,358.375,1239796800,
40.625,358.625,1239796800,
40.625,358.875,1239796800,
40.625,359.125,1239796800,
40.625,359.375,1239796800,
40.625,359.625,1239796800,
40.625,359.875,1239796800,
40.875,344.875,1239796800,288.32
40.875,345.125,1239796800,288.27
40.875,345.375,1239796800,288.27
40.875,345.625,1239796800,288.3
40.875,345.875,1239796800,288.24
40.875,346.125,1239796800,288.1
40.875,346.375,1239796800,287.97998
40.875,346.625,1239796800,287.97
40.875,346.875,1239796800,288.0
40.875,347.125,1239796800,288.00998
40.875,347.375,1239796800,288.02
40.875,347.625,1239796800,288.03998
40.875,347.875,1239796800,288.07
40.875,348.125,1239796800,288.09
40.875,348.375,1239796800,288.1
40.875,348.625,1239796800,288.13
40.875,348.875,1239796800,288.16998
40.875,349.125,1239796800,288.25
40.875,349.375,1239796800,288.27
40.875,349.625,1239796800,288.25
40.875,349.875,1239796800,288.19998
40.875,350.125,1239796800,288.21
40.875,350.375,1239796800,288.25
40.875,350.625,1239796800,288.21
40.875,350.875,1239796800,288.13
40.875,351.125,1239796800,288.03998
40.875,351.375,1239796800,287.8
40.875,351.625,1239796800,
40.875,351.875,1239796800,
40.875,352.125,1239796800,
40.875,352.375,1239796800,
40.875,352.625,1239796800,
40.875,352.875,1239796800,
40.875,353.125,1239796800,
40.875,353.375,1239796800,
40.875,353.625,1239796800,
40.875,353.875,1239796800,
40.875,354.125,1239796800,
40.875,354.375,1239796800,
40.875,354.625,1239796800,
40.875,354.875,1239796800,
40.875,355.125,1239796800,
40.875,355.375,1239796800,
40.875,355.625,1239796800,
40.875,355.875,1239796800,
40.875,356.125,1239796800,
40.875,356.375,1239796800,
40.875,356.625,1239796800,
40.875,356.875,1239796800,
40.875,357.125,1239796800,
40.875,357.375,1239796800,
40.875,357.625,1239796800,
40.875,357.875,1239796800,
40.875,358.125,1239796800,
40.875,358.375,1239796800,
40.875,358.625,1239796800,
40.875,358.875,1239796800,
40.875,359.125,1239796800,
40.875,359.375,1239796800,
40.875,359.625,1239796800,
40.875,359.875,1239796800,
41.125,344.875,1239796800,288.25998
41.125,345.125,1239796800,288.22
41.125,345.375,1239796800,288.19
41.125,345.625,1239796800,288.12
41.125,345.875,1239796800,288.0
41.125,346.125,1239796800,287.88998
41.125,346.375,1239796800,287.88
41.125,346.625,1239796800,287.91
41.125,346.875,1239796800,287.94998
41.125,347.125,1239796800,287.94998
41.125,347.375,1239796800,287.96
41.125,347.625,1239796800,287.97998
41.125,347.875,1239796800,287.99
41.125,348.125,1239796800,287.97998
41.125,348.375,1239796800,288.00998
41.125,348.625,1239796800,288.03
41.125,348.875,1239796800,288.08
41.125,349.125,1239796800,288.16998
41.125,349.375,1239796800,288.22
41.125,349.625,1239796800,288.22
41.125,349.875,1239796800,288.18
41.125,350.125,1239796800,288.12
41.125,350.375,1239796800,288.13
41.125,350.625,1239796800,288.12
41.125,350.875,1239796800,288.02
41.125,351.125,1239796800,287.85
41.125,351.375,1239796800,287.6
41.125,351.625,1239796800,
41.125,351.875,1239796800,
41.125,352.125,1239796800,
41.125,352.375,1239796800,
41.125,352.625,1239796800,
41.125,352.875,1239796800,
41.125,353.125,1239796800,
41.125,353.375,1239796800,
41.125,353.625,1239796800,
41.125,353.875,1239796800,
41.125,354.125,1239796800,
41.125,354.375,1239796800,
41.125,354.625,1239796800,
41.125,354.875,1239796800,
41.125,355.125,1239796800,
41.125,355.375,1239796800,
41.125,355.625,1239796800,
41.125,355.875,1239796800,
41.125,356.125,1239796800,
41.125,356.375,1239796800,
41.125,356.625,1239796800,
41.125,356.875,1239796800,
41.125,357.125,1239796800,
41.125,357.375,1239796800,
41.125,357.625,1239796800,
41.125,357.875,1239796800,
41.125,358.125,1239796800,
41.125,358.375,1239796800,
41.125,358.625,1239796800,
41.125,358.875,1239796800,
41.125,359.125,1239796800,
41.125,359.375,1239796800,
41.125,359.625,1239796800,
41.125,359.875,1239796800,
41.375,344.875,1239796800,288.08
41.375,345.125,1239796800,288.00998
41.375,345.375,1239796800,287.91
41.375,345.625,1239796800,287.81
41.375,345.875,1239796800,287.78
41.375,346.125,1239796800,287.82
41.375,346.375,1239796800,287.87
41.375,346.625,1239796800,287.91
41.375,346.875,1239796800,287.94998
41.375,347.125,1239796800,287.93
41.375,347.375,1239796800,287.9
41.375,347.625,1239796800,287.87
41.375,347.875,1239796800,287.81
41.375,348.125,1239796800,287.84
41.375,348.375,1239796800,287.94
41.375,348.625,1239796800,287.99
41.375,348.875,1239796800,288.03
41.375,349.125,1239796800,288.12
41.375,349.375,1239796800,288.21
41.375,349.625,1239796800,288.22998
41.375,349.875,1239796800,288.19
41.375,350.125,1239796800,288.09
41.375,350.375,1239796800,288.02
41.375,350.625,1239796800,288.00998
41.375,350.875,1239796800,287.93
41.375,351.125,1239796800,287.65
41.375,351.375,1239796800,287.53
41.375,351.625,1239796800,
41.375,351.875,1239796800,
41.375,352.125,1239796800,
41.375,352.375,1239796800,
41.375,352.625,1239796800,
41.375,352.875,1239796800,
41.375,353.125,1239796800,
41.375,353.375,1239796800,
41.375,353.625,1239796800,
41.375,353.875,1239796800,
41.375,354.125,1239796800,
41.375,354.375,1239796800,
41.375,354.625,1239796800,
41.375,354.875,1239796800,
41.375,355.125,1239796800,
41.375,355.375,1239796800,
41.375,355.625,1239796800,
41.375,355.875,1239796800,
41.375,356.125,1239796800,
41.375,356.375,1239796800,
41.375,356.625,1239796800,
41.375,356.875,1239796800,
41.375,357.125,1239796800,
41.375,357.375,1239796800,
41.375,357.625,1239796800,
41.375,357.875,1239796800,
41.375,358.125,1239796800,
41.375,358.375,1239796800,
41.375,358.625,1239796800,
41.375,358.875,1239796800,
41.375,359.125,1239796800,
41.375,359.375,1239796800,
41.375,359.625,1239796800,
41.375,359.875,1239796800,
41.625,344.875,1239796800,287.66
41.625,345.125,1239796800,287.63998
41.625,345.375,1239796800,287.62
41.625,345.625,1239796800,287.6
41.625,345.875,1239796800,287.68
41.625,346.125,1239796800,287.77
41.625,346.375,1239796800,287.81
41.625,346.625,1239796800,287.84
41.625,346.875,1239796800,287.87
41.625,347.125,1239796800,287.88
41.625,347.375,1239796800,287.86
41.625,347.625,1239796800,287.75
41.625,347.875,1239796800,287.61
41.625,348.125,1239796800,287.61
41.625,348.375,1239796800,287.72
41.625,348.625,1239796800,287.81
41.625,348.875,1239796800,287.85
41.625,349.125,1239796800,287.91998
41.625,349.375,1239796800,288.0
41.625,349.625,1239796800,288.06
41.625,349.875,1239796800,288.07
41.625,350.125,1239796800,288.06
41.625,350.375,1239796800,288.0
41.625,350.625,1239796800,287.9
41.625,350.875,1239796800,287.8
41.625,351.125,1239796800,287.47998
41.625,351.375,1239796800,
41.625,351.625,1239796800,
41.625,351.875,1239796800,
41.625,352.125,1239796800,
41.625,352.375,1239796800,
41.625,352.625,1239796800,
41.625,352.875,1239796800,
41.625,353.125,1239796800,
41.625,353.375,1239796800,
41.625,353.625,1239796800,
41.625,353.875,1239796800,
41.625,354.125,1239796800,
41.625,354.375,1239796800,
41.625,354.625,1239796800,
41.625,354.875,1239796800,
41.625,355.125,1239796800,
41.625,355.375,1239796800,
41.625,355.625,1239796800,
41.625,355.875,1239796800,
41.625,356.125,1239796800,
41.625,356.375,1239796800,
41.625,356.625,1239796800,
41.625,356.875,1239796800,
41.625,357.125,1239796800,
41.625,357.375,1239796800,
41.625,357.625,1239796800,
41.625,357.875,1239796800,
41.625,358.125,1239796800,
41.625,358.375,1239796800,
41.625,358.625,1239796800,
41.625,358.875,1239796800,
41.625,359.125,1239796800,
41.625,359.375,1239796800,
41.625,359.625,1239796800,
41.625,359.875,1239796800,
41.875,344.875,1239796800,287.4
41.875,345.125,1239796800,287.43
41.875,345.375,1239796800,287.47998
41.875,345.625,1239796800,287.55
41.875,345.875,1239796800,287.63998
41.875,346.125,1239796800,287.71
41.875,346.375,1239796800,287.75998
41.875,346.625,1239796800,287.78
41.875,346.875,1239796800,287.77
41.875,347.125,1239796800,287.72998
41.875,347.375,1239796800,287.65
41.875,347.625,1239796800,287.52
41.875,347.875,1239796800,287.44998
41.875,348.125,1239796800,287.47
41.875,348.375,1239796800,287.55
41.875,348.625,1239796800,287.65
41.875,348.875,1239796800,287.75
41.875,349.125,1239796800,287.75998
41.875,349.375,1239796800,287.75
41.875,349.625,1239796800,287.78
41.875,349.875,1239796800,287.81
41.875,350.125,1239796800,287.84
41.875,350.375,1239796800,287.88
41.875,350.625,1239796800,287.83
41.875,350.875,1239796800,287.71
41.875,351.125,1239796800,287.41
41.875,351.375,1239796800,
41.875,351.625,1239796800,
41.875,351.875,1239796800,
41.875,352.125,1239796800,
41.875,352.375,1239796800,
41.875,352.625,1239796800,
41.875,352.875,1239796800,
41.875,353.125,1239796800,
41.875,353.375,1239796800,
41.875,353.625,1239796800,
41.875,353.875,1239796800,
41.875,354.125,1239796800,
41.875,354.375,1239796800,
41.875,354.625,1239796800,
41.875,354.875,1239796800,
41.875,355.125,1239796800,
41.875,355.375,1239796800,
41.875,355.625,1239796800,
41.875,355.875,1239796800,
41.875,356.125,1239796800,
41.875,356.375,1239796800,
41.875,356.625,1239796800,
41.875,356.875,1239796800,
41.875,357.125,1239796800,
41.875,357.375,1239796800,
41.875,357.625,1239796800,
41.875,357.875,1239796800,
41.875,358.125,1239796800,
41.875,358.375,1239796800,
41.875,358.625,1239796800,
41.875,358.875,1239796800,
41.875,359.125,1239796800,
41.875,359.375,1239796800,
41.875,359.625,1239796800,
41.875,359.875,1239796800,
42.125,344.875,1239796800,287.21
42.125,345.125,1239796800,287.18
42.125,345.375,1239796800,287.22
42.125,345.625,1239796800,287.33
42.125,345.875,1239796800,287.46
42.125,346.125,1239796800,287.56
42.125,346.375,1239796800,287.63
42.125,346.625,1239796800,287.63998
42.125,346.875,1239796800,287.63
42.125,347.125,1239796800,287.53
42.125,347.375,1239796800,287.38998
42.125,347.625,1239796800,287.28998
42.125,347.875,1239796800,287.3
42.125,348.125,1239796800,287.41998
42.125,348.375,1239796800,287.52
42.125,348.625,1239796800,287.61
42.125,348.875,1239796800,287.69998
42.125,349.125,1239796800,287.71
42.125,349.375,1239796800,287.69
42.125,349.625,1239796800,287.69998
42.125,349.875,1239796800,287.68
42.125,350.125,1239796800,287.66
42.125,350.375,1239796800,287.71
42.125,350.625,1239796800,287.75
42.125,350.875,1239796800,287.71
42.125,351.125,1239796800,287.6
42.125,351.375,1239796800,287.55
42.125,351.625,1239796800,
42.125,351.875,1239796800,
42.125,352.125,1239796800,
42.125,352.375,1239796800,
42.125,352.625,1239796800,
42.125,352.875,1239796800,
42.125,353.125,1239796800,
42.125,353.375,1239796800,
42.125,353.625,1239796800,
42.125,353.875,1239796800,
42.125,354.125,1239796800,
42.125,354.375,1239796800,
42.125,354.625,1239796800,
42.125,354.875,1239796800,
42.125,355.125,1239796800,
42.125,355.375,1239796800,
42.125,355.625,1239796800,
42.125,355.875,1239796800,
42.125,356.125,1239796800,
42.125,356.375,1239796800,
42.125,356.625,1239796800,
42.125,356.875,1239796800,
42.125,357.125,1239796800,
42.125,357.375,1239796800,
42.125,357.625,1239796800,
42.125,357.875,1239796800,
42.125,358.125,1239796800,
42.125,358.375,1239796800,
42.125,358.625,1239796800,
42.125,358.875,1239796800,
42.125,359.125,1239796800,
42.125,359.375,1239796800,
42.125,359.625,1239796800,
42.125,359.875,1239796800,
42.375,344.875,1239796800,287.09
42.375,345.125,1239796800,287.07
42.375,345.375,1239796800,287.06
42.375,345.625,1239796800,287.1
42.375,345.875,1239796800,287.19998
42.375,346.125,1239796800,287.3
42.375,346.375,1239796800,287.41
42.375,346.625,1239796800,287.44998
42.375,346.875,1239796800,287.44
42.375,347.125,1239796800,287.43
42.375,347.375,1239796800,287.36
42.375,347.625,1239796800,287.25
42.375,347.875,1239796800,287.22
42.375,348.125,1239796800,287.32
42.375,348.375,1239796800,287.44
42.375,348.625,1239796800,287.50998
42.375,348.875,1239796800,287.61
42.375,349.125,1239796800,287.63998
42.375,349.375,1239796800,287.62
42.375,349.625,1239796800,287.62
42.375,349.875,1239796800,287.6
42.375,350.125,1239796800,287.57
42.375,350.375,1239796800,287.55
42.375,350.625,1239796800,287.56
42.375,350.875,1239796800,287.59
42.375,351.125,1239796800,287.69
42.375,351.375,1239796800,287.66998
42.375,351.625,1239796800,
42.375,351.875,1239796800,
42.375,352.125,1239796800,
42.375,352.375,1239796800,
42.375,352.625,1239796800,
42.375,352.875,1239796800,
42.375,353.125,1239796800,
42.375,353.375,1239796800,
42.375,353.625,1239796800,
42.375,353.875,1239796800,
42.375,354.125,1239796800,
42.375,354.375,1239796800,
42.375,354.625,1239796800,
42.375,354.875,1239796800,
42.375,355.125,1239796800,
42.375,355.375,1239796800,
42.375,355.625,1239796800,
42.375,355.875,1239796800,
42.375,356.125,1239796800,
42.375,356.375,1239796800,
42.375,356.625,1239796800,
42.375,356.875,1239796800,
42.375,357.125,1239796800,
42.375,357.375,1239796800,
42.375,357.625,1239796800,
42.375,357.875,1239796800,
42.375,358.125,1239796800,
42.375,358.375,1239796800,
42.375,358.625,1239796800,
42.375,358.875,1239796800,
42.375,359.125,1239796800,
42.375,359.375,1239796800,
42.375,359.625,1239796800,
42.375,359.875,1239796800,
42.625,344.875,1239796800,287.03
42.625,345.125,1239796800,287.03998
42.625,345.375,1239796800,287.06
42.625,345.625,1239796800,287.08
42.625,345.875,1239796800,287.09
42.625,346.125,1239796800,287.11
42.625,346.375,1239796800,287.15
42.625,346.625,1239796800,287.19
42.625,346.875,1239796800,287.19
42.625,347.125,1239796800,287.13
42.625,347.375,1239796800,287.03998
42.625,347.625,1239796800,286.97
42.625,347.875,1239796800,286.97
42.625,348.125,1239796800,287.07
42.625,348.375,1239796800,287.19
42.625,348.625,1239796800,287.22998
42.625,348.875,1239796800,287.27
42.625,349.125,1239796800,287.31
42.625,349.375,1239796800,287.33
42.625,349.625,1239796800,287.38
42.625,349.875,1239796800,287.43
42.625,350.125,1239796800,287.47
42.625,350.375,1239796800,287.41998
42.625,350.625,1239796800,287.38998
42.625,350.875,1239796800,287.44
42.625,351.125,1239796800,287.44
42.625,351.375,1239796800,
42.625,351.625,1239796800,
42.625,351.875,1239796800,
42.625,352.125,1239796800,
42.625,352.375,1239796800,
42.625,352.625,1239796800,
42.625,352.875,1239796800,
42.625,353.125,1239796800,
42.625,353.375,1239796800,
42.625,353.625,1239796800,
42.625,353.875,1239796800,
42.625,354.125,1239796800,
42.625,354.375,1239796800,
42.625,354.625,1239796800,
42.625,354.875,1239796800,
42.625,355.125,1239796800,
42.625,355.375,1239796800,
42.625,355.625,1239796800,
42.625,355.875,1239796800,
42.625,356.125,1239796800,
42.625,356.375,1239796800,
42.625,356.625,1239796800,
42.625,356.875,1239796800,
42.625,357.125,1239796800,
42.625,357.375,1239796800,
42.625,357.625,1239796800,
42.625,357.875,1239796800,
42.625,358.125,1239796800,
42.625,358.375,1239796800,
42.625,358.625,1239796800,
42.625,358.875,1239796800,
42.625,359.125,1239796800,
42.625,359.375,1239796800,
42.625,359.625,1239796800,
42.625,359.875,1239796800,
42.875,344.875,1239796800,287.00998
42.875,345.125,1239796800,287.03998
42.875,345.375,1239796800,287.06
42.875,345.625,1239796800,287.05
42.875,345.875,1239796800,287.03998
42.875,346.125,1239796800,287.03
42.875,346.375,1239796800,286.97
42.875,346.625,1239796800,286.94
42.875,346.875,1239796800,286.9
42.875,347.125,1239796800,286.8
42.875,347.375,1239796800,286.75
42.875,347.625,1239796800,286.75998
42.875,347.875,1239796800,286.81
42.875,348.125,1239796800,286.88998
42.875,348.375,1239796800,286.94998
42.875,348.625,1239796800,286.94998
42.875,348.875,1239796800,286.97
42.875,349.125,1239796800,287.0
42.875,349.375,1239796800,287.03998
42.875,349.625,1239796800,287.1
42.875,349.875,1239796800,287.19998
42.875,350.125,1239796800,287.33
42.875,350.375,1239796800,287.3
42.875,350.625,1239796800,287.15
42.875,350.875,1239796800,287.19
42.875,351.125,1239796800,287.22
42.875,351.375,1239796800,
42.875,351.625,1239796800,
42.875,351.875,1239796800,
42.875,352.125,1239796800,
42.875,352.375,1239796800,
42.875,352.625,1239796800,
42.875,352.875,1239796800,
42.875,353.125,1239796800,
42.875,353.375,1239796800,
42.875,353.625,1239796800,
42.875,353.875,1239796800,
42.875,354.125,1239796800,
42.875,354.375,1239796800,
42.875,354.625,1239796800,
42.875,354.875,1239796800,
42.875,355.125,1239796800,
42.875,355.375,1239796800,
42.875,355.625,1239796800,
42.875,355.875,1239796800,
42.875,356.125,1239796800,
42.875,356.375,1239796800,
42.875,356.625,1239796800,
42.875,356.875,1239796800,
42.875,357.125,1239796800,
42.875,357.375,1239796800,
42.875,357.625,1239796800,
42.875,357.875,1239796800,
42.875,358.125,1239796800,
42.875,358.375,1239796800,
42.875,358.625,1239796800,
42.875,358.875,1239796800,
42.875,359.125,1239796800,
42.875,359.375,1239796800,
42.875,359.625,1239796800,
42.875,359.875,1239796800,
43.125,344.875,1239796800,287.03
43.125,345.125,1239796800,287.02
43.125,345.375,1239796800,287.00998
43.125,345.625,1239796800,287.02
43.125,345.875,1239796800,287.03
43.125,346.125,1239796800,287.00998
43.125,346.375,1239796800,286.91
43.125,346.625,1239796800,286.81
43.125,346.875,1239796800,286.75998
43.125,347.125,1239796800,286.71
43.125,347.375,1239796800,286.66998
43.125,347.625,1239796800,286.66
43.125,347.875,1239796800,286.69998
43.125,348.125,1239796800,286.75
43.125,348.375,1239796800,286.78998
43.125,348.625,1239796800,286.83
43.125,348.875,1239796800,286.88
43.125,349.125,1239796800,286.91
43.125,349.375,1239796800,286.94998
43.125,349.625,1239796800,287.00998
43.125,349.875,1239796800,287.1
43.125,350.125,1239796800,287.21
43.125,350.375,1239796800,287.21
43.125,350.625,1239796800,286.97
43.125,350.875,1239796800,286.75
43.125,351.125,1239796800,286.66998
43.125,351.375,1239796800,
43.125,351.625,1239796800,
43.125,351.875,1239796800,
43.125,352.125,1239796800,
43.125,352.375,1239796800,
43.125,352.625,1239796800,
43.125,352.875,1239796800,
43.125,353.125,1239796800,
43.125,353.375,1239796800,
43.125,353.625,1239796800,
43.125,353.875,1239796800,
43.125,354.125,1239796800,
43.125,354.375,1239796800,
43.125,354.625,1239796800,
43.125,354.875,1239796800,
43.125,355.125,1239796800,
43.125,355.375,1239796800,
43.125,355.625,1239796800,
43.125,355.875,1239796800,
43.125,356.125,1239796800,
43.125,356.375,1239796800,
43.125,356.625,1239796800,
43.125,356.875,1239796800,
43.125,357.125,1239796800,
43.125,357.375,1239796800,
43.125,357.625,1239796800,
43.125,357.875,1239796800,
43.125,358.125,1239796800,
43.125,358.375,1239796800,
43.125,358.625,1239796800,
43.125,358.875,1239796800,
43.125,359.125,1239796800,
43.125,359.375,1239796800,
43.125,359.625,1239796800,
43.125,359.875,1239796800,
43.375,344.875,1239796800,286.75
43.375,345.125,1239796800,286.78998
43.375,345.375,1239796800,286.84
43.375,345.625,1239796800,286.9
43.375,345.875,1239796800,286.94998
43.375,346.125,1239796800,286.97
43.375,346.375,1239796800,286.91998
43.375,346.625,1239796800,286.82
43.375,346.875,1239796800,286.74
43.375,347.125,1239796800,286.69998
43.375,347.375,1239796800,286.65
43.375,347.625,1239796800,286.6
43.375,347.875,1239796800,286.59
43.375,348.125,1239796800,286.63998
43.375,348.375,1239796800,286.69
43.375,348.625,1239796800,286.71
43.375,348.875,1239796800,286.75
43.375,349.125,1239796800,286.85
43.375,349.375,1239796800,286.93
43.375,349.625,1239796800,287.0
43.375,349.875,1239796800,287.06
43.375,350.125,1239796800,287.1
43.375,350.375,1239796800,287.03
43.375,350.625,1239796800,286.88
43.375,350.875,1239796800,286.77
43.375,351.125,1239796800,286.69
43.375,351.375,1239796800,286.71
43.375,351.625,1239796800,286.72
43.375,351.875,1239796800,286.55
43.375,352.125,1239796800,
43.375,352.375,1239796800,
43.375,352.625,1239796800,
43.375,352.875,1239796800,286.08
43.375,353.125,1239796800,
43.375,353.375,1239796800,
43.375,353.625,1239796800,
43.375,353.875,1239796800,
43.375,354.125,1239796800,
43.375,354.375,1239796800,
43.375,354.625,1239796800,286.19
43.375,354.875,1239796800,286.28998
43.375,355.125,1239796800,286.4
43.375,355.375,1239796800,286.59
43.375,355.625,1239796800,286.72
43.375,355.875,1239796800,286.63
43.375,356.125,1239796800,286.71
43.375,356.375,1239796800,286.81
43.375,356.625,1239796800,287.05
43.375,356.875,1239796800,287.19
43.375,357.125,1239796800,287.31
43.375,357.375,1239796800,287.47998
43.375,357.625,1239796800,287.63
43.375,357.875,1239796800,287.74
43.375,358.125,1239796800,287.88
43.375,358.375,1239796800,288.16998
43.375,358.625,1239796800,
43.375,358.875,1239796800,
43.375,359.125,1239796800,
43.375,359.375,1239796800,
43.375,359.625,1239796800,
43.375,359.875,1239796800,
43.625,344.875,1239796800,286.47998
43.625,345.125,1239796800,286.56
43.625,345.375,1239796800,286.66
43.625,345.625,1239796800,286.77
43.625,345.875,1239796800,286.85
43.625,346.125,1239796800,286.88
43.625,346.375,1239796800,286.88
43.625,346.625,1239796800,286.84
43.625,346.875,1239796800,286.78
43.625,347.125,1239796800,286.72
43.625,347.375,1239796800,286.65
43.625,347.625,1239796800,286.56
43.625,347.875,1239796800,286.49
43.625,348.125,1239796800,286.5
43.625,348.375,1239796800,286.53998
43.625,348.625,1239796800,286.57
43.625,348.875,1239796800,286.63
43.625,349.125,1239796800,286.72
43.625,349.375,1239796800,286.81
43.625,349.625,1239796800,286.88
43.625,349.875,1239796800,286.91
43.625,350.125,1239796800,286.94
43.625,350.375,1239796800,286.85
43.625,350.625,1239796800,286.72998
43.625,350.875,1239796800,286.74
43.625,351.125,1239796800,286.71
43.625,351.375,1239796800,286.63
43.625,351.625,1239796800,286.6
43.625,351.875,1239796800,286.37
43.625,352.125,1239796800,286.13
43.625,352.375,1239796800,286.12
43.625,352.625,1239796800,286.3
43.625,352.875,1239796800,286.28
43.625,353.125,1239796800,286.31
43.625,353.375,1239796800,286.25
43.625,353.625,1239796800,286.22998
43.625,353.875,1239796800,286.3
43.625,354.125,1239796800,286.36
43.625,354.375,1239796800,286.37
43.625,354.625,1239796800,286.44
43.625,354.875,1239796800,286.59
43.625,355.125,1239796800,286.75998
43.625,355.375,1239796800,286.97
43.625,355.625,1239796800,287.13
43.625,355.875,1239796800,287.13
43.625,356.125,1239796800,287.12
43.625,356.375,1239796800,287.16
43.625,356.625,1239796800,287.37
43.625,356.875,1239796800,287.49
43.625,357.125,1239796800,287.61
43.625,357.375,1239796800,287.75
43.625,357.625,1239796800,287.82
43.625,357.875,1239796800,287.9
43.625,358.125,1239796800,287.94998
43.625,358.375,1239796800,287.91998
43.625,358.625,1239796800,287.75998
43.625,358.875,1239796800,
43.625,359.125,1239796800,
43.625,359.375,1239796800,
43.625,359.625,1239796800,
43.625,359.875,1239796800,
43.875,344.875,1239796800,286.4
43.875,345.125,1239796800,286.47998
43.875,345.375,1239796800,286.58
43.875,345.625,1239796800,286.66998
43.875,345.875,1239796800,286.72998
43.875,346.125,1239796800,286.77
43.875,346.375,1239796800,286.77
43.875,346.625,1239796800,286.75
43.875,346.875,1239796800,286.72
43.875,347.125,1239796800,286.68
43.875,347.375,1239796800,286.63
43.875,347.625,1239796800,286.55
43.875,347.875,1239796800,286.47998
43.875,348.125,1239796800,286.46
43.875,348.375,1239796800,286.47
43.875,348.625,1239796800,286.46
43.875,348.875,1239796800,286.47
43.875,349.125,1239796800,286.49
43.875,349.375,1239796800,286.47998
43.875,349.625,1239796800,286.49
43.875,349.875,1239796800,286.56
43.875,350.125,1239796800,286.66
43.875,350.375,1239796800,286.66
43.875,350.625,1239796800,286.58
43.875,350.875,1239796800,286.63
43.875,351.125,1239796800,286.6
43.875,351.375,1239796800,286.37
43.875,351.625,1239796800,286.34
43.875,351.875,1239796800,286.35
43.875,352.125,1239796800,286.31
43.875,352.375,1239796800,286.37
43.875,352.625,1239796800,286.47998
43.875,352.875,1239796800,286.53
43.875,353.125,1239796800,286.55
43.875,353.375,1239796800,286.59
43.875,353.625,1239796800,286.63998
43.875,353.875,1239796800,286.65
43.875,354.125,1239796800,286.62
43.875,354.375,1239796800,286.63998
43.875,354.625,1239796800,286.71
43.875,354.875,1239796800,286.81
43.875,355.125,1239796800,286.94998
43.875,355.375,1239796800,287.06
43.875,355.625,1239796800,287.13
43.875,355.875,1239796800,287.18
43.875,356.125,1239796800,287.24
43.875,356.375,1239796800,287.28998
43.875,356.625,1239796800,287.35
43.875,356.875,1239796800,287.49
43.875,357.125,1239796800,287.61
43.875,357.375,1239796800,287.68
43.875,357.625,1239796800,287.72
43.875,357.875,1239796800,287.72998
43.875,358.125,1239796800,287.72
43.875,358.375,1239796800,287.6
43.875,358.625,1239796800,287.66998
43.875,358.875,1239796800,
43.875,359.125,1239796800,
43.875,359.375,1239796800,
43.875,359.625,1239796800,
43.875,359.875,1239796800,
44.125,344.875,1239796800,286.3
44.125,345.125,1239796800,286.37
44.125,345.375,1239796800,286.43
44.125,345.625,1239796800,286.47
44.125,345.875,1239796800,286.5
44.125,346.125,1239796800,286.55
44.125,346.375,1239796800,286.57
44.125,346.625,1239796800,286.58
44.125,346.875,1239796800,286.57
44.125,347.125,1239796800,286.53
44.125,347.375,1239796800,286.47998
44.125,347.625,1239796800,286.43
44.125,347.875,1239796800,286.43
44.125,348.125,1239796800,286.47
44.125,348.375,1239796800,286.52
44.125,348.625,1239796800,286.47
44.125,348.875,1239796800,286.38998
44.125,349.125,1239796800,286.35
44.125,349.375,1239796800,286.28998
44.125,349.625,1239796800,286.25998
44.125,349.875,1239796800,286.28998
44.125,350.125,1239796800,286.38998
44.125,350.375,1239796800,286.50998
44.125,350.625,1239796800,286.56
44.125,350.875,1239796800,286.53998
44.125,351.125,1239796800,286.44998
44.125,351.375,1239796800,286.4
44.125,351.625,1239796800,286.4
44.125,351.875,1239796800,286.46
44.125,352.125,1239796800,286.52
44.125,352.375,1239796800,286.57
44.125,352.625,1239796800,286.57
44.125,352.875,1239796800,286.57
44.125,353.125,1239796800,286.56
44.125,353.375,1239796800,286.56
44.125,353.625,1239796800,286.61
44.125,353.875,1239796800,286.69
44.125,354.125,1239796800,286.74
44.125,354.375,1239796800,286.8
44.125,354.625,1239796800,286.83
44.125,354.875,1239796800,286.88
44.125,355.125,1239796800,286.97998
44.125,355.375,1239796800,287.05
44.125,355.625,1239796800,287.13998
44.125,355.875,1239796800,287.24
44.125,356.125,1239796800,287.32
44.125,356.375,1239796800,287.4
44.125,356.625,1239796800,287.41
44.125,356.875,1239796800,287.41998
44.125,357.125,1239796800,287.49
44.125,357.375,1239796800,287.53998
44.125,357.625,1239796800,287.50998
44.125,357.875,1239796800,287.5
44.125,358.125,1239796800,287.50998
44.125,358.375,1239796800,287.36
44.125,358.625,1239796800,287.44998
44.125,358.875,1239796800,
44.125,359.125,1239796800,
44.125,359.375,1239796800,
44.125,359.625,1239796800,
44.125,359.875,1239796800,
44.375,344.875,1239796800,286.19
44.375,345.125,1239796800,286.24
44.375,345.375,1239796800,286.28
44.375,345.625,1239796800,286.3
44.375,345.875,1239796800,286.31
44.375,346.125,1239796800,286.32
44.375,346.375,1239796800,286.32
44.375,346.625,1239796800,286.36
44.375,346.875,1239796800,286.38
44.375,347.125,1239796800,286.33
44.375,347.375,1239796800,286.3
44.375,347.625,1239796800,286.3
44.375,347.875,1239796800,286.34
44.375,348.125,1239796800,286.41
44.375,348.375,1239796800,286.49
44.375,348.625,1239796800,286.47998
44.375,348.875,1239796800,286.41
44.375,349.125,1239796800,286.37
44.375,349.375,1239796800,286.31
44.375,349.625,1239796800,286.25
44.375,349.875,1239796800,286.24
44.375,350.125,1239796800,286.22998
44.375,350.375,1239796800,286.32
44.375,350.625,1239796800,286.47
44.375,350.875,1239796800,286.47
44.375,351.125,1239796800,286.38998
44.375,351.375,1239796800,286.41
44.375,351.625,1239796800,286.43
44.375,351.875,1239796800,286.5
44.375,352.125,1239796800,286.57
44.375,352.375,1239796800,286.6
44.375,352.625,1239796800,286.57
44.375,352.875,1239796800,286.57
44.375,353.125,1239796800,286.57
44.375,353.375,1239796800,286.56
44.375,353.625,1239796800,286.58
44.375,353.875,1239796800,286.66998
44.375,354.125,1239796800,286.8
44.375,354.375,1239796800,286.86
44.375,354.625,1239796800,286.86
44.375,354.875,1239796800,286.91
44.375,355.125,1239796800,286.99
44.375,355.375,1239796800,287.06
44.375,355.625,1239796800,287.13
44.375,355.875,1239796800,287.19998
44.375,356.125,1239796800,287.27
44.375,356.375,1239796800,287.36
44.375,356.625,1239796800,287.36
44.375,356.875,1239796800,287.34
44.375,357.125,1239796800,287.38
44.375,357.375,1239796800,287.41998
44.375,357.625,1239796800,287.44
44.375,357.875,1239796800,287.41998
44.375,358.125,1239796800,287.41
44.375,358.375,1239796800,287.32
44.375,358.625,1239796800,287.22
44.375,358.875,1239796800,
44.375,359.125,1239796800,
44.375,359.375,1239796800,
44.375,359.625,1239796800,
44.375,359.875,1239796800,
44.625,344.875,1239796800,286.11
44.625,345.125,1239796800,286.1
44.625,345.375,1239796800,286.1
44.625,345.625,1239796800,286.13998
44.625,345.875,1239796800,286.21
44.625,346.125,1239796800,286.21
44.625,346.375,1239796800,286.19
44.625,346.625,1239796800,286.22998
44.625,346.875,1239796800,286.25
44.625,347.125,1239796800,286.21
44.625,347.375,1239796800,286.19
44.625,347.625,1239796800,286.19998
44.625,347.875,1239796800,286.24
44.625,348.125,1239796800,286.3
44.625,348.375,1239796800,286.4
44.625,348.625,1239796800,286.43
44.625,348.875,1239796800,286.43
44.625,349.125,1239796800,286.41
44.625,349.375,1239796800,286.36
44.625,349.625,1239796800,286.28998
44.625,349.875,1239796800,286.25
44.625,350.125,1239796800,286.19
44.625,350.375,1239796800,286.19998
44.625,350.625,1239796800,286.36
44.625,350.875,1239796800,286.44998
44.625,351.125,1239796800,286.41
44.625,351.375,1239796800,286.36
44.625,351.625,1239796800,286.38998
44.625,351.875,1239796800,286.5
44.625,352.125,1239796800,286.58
44.625,352.375,1239796800,286.56
44.625,352.625,1239796800,286.49
44.625,352.875,1239796800,286.49
44.625,353.125,1239796800,286.53
44.625,353.375,1239796800,286.53998
44.625,353.625,1239796800,286.55
44.625,353.875,1239796800,286.61
44.625,354.125,1239796800,286.74
44.625,354.375,1239796800,286.83
44.625,354.625,1239796800,286.82
44.625,354.875,1239796800,286.85
44.625,355.125,1239796800,286.94998
44.625,355.375,1239796800,287.0
44.625,355.625,1239796800,287.07
44.625,355.875,1239796800,287.11
44.625,356.125,1239796800,287.1
44.625,356.375,1239796800,287.18
44.625,356.625,1239796800,287.22998
44.625,356.875,1239796800,287.25
44.625,357.125,1239796800,287.22998
44.625,357.375,1239796800,287.25
44.625,357.625,1239796800,287.36
44.625,357.875,1239796800,287.41998
44.625,358.125,1239796800,287.34
44.625,358.375,1239796800,287.21
44.625,358.625,1239796800,287.19
44.625,358.875,1239796800,287.93
44.625,359.125,1239796800,
44.625,359.375,1239796800,
44.625,359.625,1239796800,
44.625,359.875,1239796800,
44.875,344.875,1239796800,286.03
44.875,345.125,1239796800,286.02
44.875,345.375,1239796800,286.02
44.875,345.625,1239796800,286.02
44.875,345.875,1239796800,286.08
44.875,346.125,1239796800,286.12
44.875,346.375,1239796800,286.11
44.875,346.625,1239796800,286.12
44.875,346.875,1239796800,286.13998
44.875,347.125,1239796800,286.1
44.875,347.375,1239796800,286.1
44.875,347.625,1239796800,286.11
44.875,347.875,1239796800,286.1
44.875,348.125,1239796800,286.12
44.875,348.375,1239796800,286.21
44.875,348.625,1239796800,286.28
44.875,348.875,1239796800,286.33
44.875,349.125,1239796800,286.37
44.875,349.375,1239796800,286.37
44.875,349.625,1239796800,286.32
44.875,349.875,1239796800,286.25
44.875,350.125,1239796800,286.18
44.875,350.375,1239796800,286.16
44.875,350.625,1239796800,286.3
44.875,350.875,1239796800,286.41
44.875,351.125,1239796800,286.41
44.875,351.375,1239796800,286.32
44.875,351.625,1239796800,286.31
44.875,351.875,1239796800,286.43
44.875,352.125,1239796800,286.5
44.875,352.375,1239796800,286.49
44.875,352.625,1239796800,286.49
44.875,352.875,1239796800,286.47998
44.875,353.125,1239796800,286.47
44.875,353.375,1239796800,286.47998
44.875,353.625,1239796800,286.49
44.875,353.875,1239796800,286.52
44.875,354.125,1239796800,286.63998
44.875,354.375,1239796800,286.75
44.875,354.625,1239796800,286.78
44.875,354.875,1239796800,286.83
44.875,355.125,1239796800,286.87
44.875,355.375,1239796800,286.91
44.875,355.625,1239796800,287.02
44.875,355.875,1239796800,287.06
44.875,356.125,1239796800,287.02
44.875,356.375,1239796800,287.08
44.875,356.625,1239796800,287.18
44.875,356.875,1239796800,287.19
44.875,357.125,1239796800,287.19
44.875,357.375,1239796800,287.22
44.875,357.625,1239796800,287.25
44.875,357.875,1239796800,287.37
44.875,358.125,1239796800,287.27
44.875,358.375,1239796800,287.05
44.875,358.625,1239796800,287.07
44.875,358.875,1239796800,287.32
44.875,359.125,1239796800,
44.875,359.375,1239796800,286.43
44.875,359.625,1239796800,
44.875,359.875,1239796800,
